,socialNbFollowers,socialNbFollows,socialProductsLiked,civilityGenderId,language_encoded,countryCode_encoded,hasAnyApp_encoded
count,290631.0,290631.0,290631.0,290631.0,290631.0,290631.0,290631.0
mean,12.417615464282887,29.40901005054519,76.81144131217935,1.8068581809923925,2.0802770523447256,86.02980411587201,0.5327511518041778
std,27.906836174446862,427.04982935779344,1358.7274658501663,0.4817538204677127,1.252668151378096,45.25809874830529,0.49892706738061493
min,3.0,0.0,0.0,1.0,0.0,0.0,0.0
25%,3.0,8.0,0.0,2.0,1.0,64.0,0.0
50%,5.0,8.0,0.0,2.0,2.0,66.0,1.0
75%,12.0,8.0,7.0,2.0,3.0,94.0,1.0
max,744.0,13764.0,51671.0,3.0,4.0,198.0,1.0
